{
  "threshold": 0.06791571578399741,
  "percentile": 95,
  "train_error_mean": 0.02978715151871464,
  "train_error_std": 0.1691093852382195,
  "pr_auc": 0.36450246037755923,
  "f1": 0.16923853880253634,
  "epochs_trained": 38,
  "final_val_loss": 0.030679665505886078
}