{
  "xgboost": {
    "model": "xgboost",
    "pr_auc": 0.9698609750111498,
    "f1": 0.9084230396408347,
    "training_time_s": 8.7
  },
  "random_forest": {
    "model": "random_forest",
    "pr_auc": 0.9415453481635175,
    "f1": 0.8611923890063425,
    "training_time_s": 55.0
  },
  "champion": "xgboost"
}